PDB code,Chain id,Peptide length,Polar interface (%),Kd (M),pKd,Chain type
1G9I,E:I,22,58.64,1.20E-07,6.92,SS*3
1SFI,A:I,14,61.97,1.00E-10,10,BB+SS
1SLD,B:P,6,73.42,2.70E-07,6.57,SS*1
1SLE,BD:M,8,77.4,6.70E-07,6.17,SS*1
1SMF,E:I,9,66.97,1.20E-07,6.92,SS*1
1VWB,B:P,6,73.17,2.00E-08,7.7,SS*1
1VWD,B:P,6,71.95,2.20E-06,5.66,SS*1
1VWN,B:P,6,73.35,1.50E-06,5.82,SS*1
1VWO,B:P,8,74.4,2.30E-06,5.64,SS*1
1VWP,B:P,8,74.3,2.30E-06,5.64,SS*1
1YF4,A:B,9,50.68,5.00E-09,8.3,SS*1
2BR8,AB:F,16,67.27,3.26E-08,7.49,SS*2
2NWN,A:B,12,51.01,5.00E-07,6.3,SS*1
2UZ6,AB:K,16,66.76,1.70E-09,8.77,SS*2
3G5Y,AB:E,16,48.02,3.50E-08,7.46,SS*1
3OY5,U:P,15,51.96,5.40E-06,5.27,SS*1
3P8F,A:I,14,65.48,9.20E-10,9.04,BB+SS
3PP4,HL:P,24,54.65,7.00E-06,5.15,SS*1
4GLY,A:B,13,48.12,7.70E-06,5.11,SS*2
4GW1,AB:E,12,57.8,4.30E-07,6.37,SS*1
4GW5,AB:E,12,65.07,3.50E-06,5.46,SS*1
4IB5,A:D,13,69.26,5.60E-07,6.25,SS*1
4K1E,A:B,14,65.55,3.59E-09,8.44,BB+SS
4M1D,HL:P,14,64.09,2.30E-08,7.64,SS*1
4W50,A:E,12,66.77,1.40E-06,5.85,SS*1
4X1Q,U:P,10,56.36,5.04E-06,5.3,SS*1
4Z0D,A:C,13,62.38,5.00E-06,5.3,SS*1
4ZHL,U:P,10,59.9,3.40E-07,6.47,SS*1
5EOC,HL:P,13,61.52,3.03E-08,7.52,SS*1
5EUK,AB:E,12,56.84,5.00E-05,4.3,SS*1
5F88,AB:E,12,59.46,5.00E-05,4.3,SS*1
5FF6,AB:E,12,57.98,9.50E-06,5.02,SS*1
5H5Q,A:B,13,53.79,1.80E-06,5.74,SS*1
5H5R,A:B,13,51.7,6.10E-07,6.21,SS*1
5TH2,AB:E,12,58.57,3.00E-05,4.52,SS*1
5VB9,A:C,15,67.69,1.30E-06,5.89,SS*1
5XCO,A:B,19,63.32,8.90E-09,8.05,SS*1
5XN3,A:B,8,49.33,6.71E-07,6.17,BB
6BVH,A:I,14,58.18,7.00E-10,9.15,BB+SS
6D3X,AB:C,14,66.75,5.10E-11,10.29,BB+SS
6D3Y,A:C,14,58.28,2.00E-09,8.7,BB+SS
6D3Z,A:C,14,62.3,1.20E-09,8.92,BB+SS
6D40,A:C,14,64.7,1.40E-10,9.85,BB+SS
6O21,A:B,11,68.48,3.48E-09,8.46,SS*1
7K2E,A:P,7,48.6,4.70E-07,6.33,BB
7K2F,A:C,7,48.76,1.00E-04,4,BB
7K2G,B:P,7,47.51,2.80E-04,3.55,BB
7K2H,B:P,7,50.96,1.40E-07,6.85,BB
7K2I,B:P,7,52.4,1.30E-05,4.89,BB
7K2M,A:P,7,50.72,1.50E-07,6.82,BB
